idnr,id,inhalt
1,pferdeportraits,"<h1>Pferdeportraits</h1>

<p>Eine solide k&uuml;nstlerische Ausbildung, hippologisches Fachwissen, Geduld und Genauigkeit zeichnen die Arbeit von Eva Jaeckle aus. Hier wird nicht Massenproduktion gefertigt!</p>

<p>Ein Pferdeportrait von Eva Jaeckle bringt den Charakter des Pferdes zum Ausdruck, verbunden mit der genauen und fachm&auml;nnischen Wiedergabe seines Exterieurs.</p>

<p>Auf einzigartige Weise lassen diese Pferdebilder das Pferd lebendig werden: sein Auge, sein Ausdruck, seine ganze Erscheinung.</p>

<p>Die K&uuml;nstlerin bietet an:</p>

<p>Pferdeportrait schwarzweiss (Pferdeportrait Kohle)<br />
Pferdeportrait Pastell<br />
Pferdeportrait &Ouml;l auf Leinwand</p>

<p>Beispiele hier:<br />
<a href="http://localhost/workspace1/maltechnicken.php">Maltechniken</a></p>

<p><a href="http://localhost/workspace1/konditionen.php">Konditionen</a></p>

<p>&nbsp;</p>

<p>&nbsp;</p>
"
2,portraitaufträge,"<h2><span style="font-size:14px"><strong>Portraitauftr&auml;ge f&uuml;r 2021 k&ouml;nnen ab sofort angemeldet werden.</strong></span></h2>

<p>Eva Jaeckle arbeitet mit einem grossen Erfahrungsschatz: Sie portraitiert seit &uuml;ber zwanzig Jahren Pferde. In mehreren Skizzierterminen nimmt sich die K&uuml;nstlerin f&uuml;r jedes Pferd gen&uuml;gend Zeit, um es gut kennen zu lernen. Dadurch zeigen die Bilder den unverwechselbaren Charakter der Pferde und werden zu einer bleibenden Erinnerung an die vierbeinigen Freunde.</p>
"
3,pferdebilder,"<p>Pferde sind das Hauptthema in der Malerei von Eva Jaeckle. Dabei ist es ihr wichtig, das Tier als Mitgesch&ouml;pf zu sehen, im Sinne Albert Schweitzers:<br />
&quot;Ich bin Leben, das Leben will, inmitten von Leben, das leben will.&quot;</p>

<p>Verschiedene Themen:</p>

<p>Die beliebten <a href="http://localhost/workspace1/pferdeportraits.php">Pferdeportraits</a>.</p>

<p><a href="http://localhost/workspace1/lipizzaner.php">&quot;Die Lipizzaner der Spanischen Hofreitschule&quot;</a> wurden von Eva Jaeckle auf Einladung aus Wien portraitiert.</p>

<p>Bei einem Stipendienaufenthalt beim <a href="http://localhost/workspace1/cadre-noir.php">Cadre Noir</a> in Saumur/Frankreich entstanden Impressionen der Arbeit der franz&ouml;sischen Reitschule.</p>

<p><a href="http://localhost/workspace1/marbach.php">Das Haupt- und Landgest&uuml;t Marbach</a> begeisterte die K&uuml;nstlerin immer wieder.</p>

<p>Das Ergebnis jahrelanger Auseinandersetzung der K&uuml;nstlerin mit Pferdedarstellungen in der Kunstgeschichte ist in dem Buch <a href="http://localhost/workspace1/das-auge-der-zeit.php">Das Auge der Zeit</a> zusammmengefasst.</p>

<p>Zahlreiche ihrer Bilder sind <a href="http://localhost/workspace1/symbolhafte-szenen.php">symbolhafte Szenen</a> - Momente, in denen die Wirklichkeit duchscheinend wird.</p>

<p>Da <a href="http://localhost/workspace1/pferd-und-landschaft.php">Pferde und Landschaften</a> von Natur aus zusammengeh&ouml;ren, taucht diese Motivkombination in ihren Bildern h&auml;ufig auf.</p>

<p>Die Begegnung und gemeinsame Arbeit von <a href="http://localhost/workspace1/mensch-und-pferd.php">Mensch und Pferd</a> schlie&szlig;t auch den Sport mit ein.</p>

<p>Und manchmal ist das Motiv zum Malen auch das: <a href="http://localhost/workspace1/einfach-pferde.php">einfach Pferde</a>.</p>

<p>Zahlreiche Pferdebilder sind verk&auml;uflich (CHF 200.- bis 4000.-).</p>
"
4,landschaft,"<p>&nbsp;</p>

<p>F&uuml;r Eva Jaeckle ist es ein Urbed&uuml;rfnis, sich in der Landschaft zu bewegen und den Wechsel des Lichtes, der Tages- und Jahreszeiten zu beobachten.</p>

<p>Die eigene Bewegung im Raum erm&ouml;glicht st&auml;ndig neue Ansichten auf der Suche nach dem Moment, in der sich die Dinge zu einem Bild f&uuml;gen. Dabei kann die Landschaft zu einem Spiel mit Formen und Linien werden, das sich vom Gegenstand l&ouml;st und mehr oder weniger abstrahiert wird.</p>

<p>Die Landschaft kann aber auch zum Spiegel der Seele werden und innere Zust&auml;nde ausdr&uuml;cken.</p>

<p>So entstanden im Lauf der Jahre unz&auml;hlige Skizzen und Bilder in verschiedenen Techniken. Manchmal ist auch ein Pferd dabei...</p>

<p>Um Beispiele zu Gem&auml;lden, Allmedingen oder Zeichnungen zu sehen, rechts klicken.</p>
"
5,holzschnitte,"<p>Holz - ein Material mit Eigenleben.</p>

<p>Holzformen, Holzlinien, Widerstand.</p>

<p>Holzschnitt ist eine M&ouml;glichkeit zu k&auml;mpfen, sich mit starken, urt&uuml;mlichen, unerbittlichen Gedanken und Gef&uuml;hlen auseinander zu setzen. Er zwingt zur Genauigkeit und dazu, sich die Dinge auch von der anderen Seite anzuschauen.</p>

<p>Das Bild eines Holzschnittes wird zun&auml;chst mit speziellen Werkzeugen in ein flaches Holzst&uuml;ck geschnitzt, mit welchem dann gedruckt wird.</p>

<p>Das bedeutet, im Voraus umzudenken und rechts und links in der Vorstellung zu vertauschen, da der Druck dann spiegelverkehrt ist. Selbst ein geschultes Vorstellungsverm&ouml;gen erlebt hier immer wieder &Uuml;berraschungen.</p>

<p>Diese Technik ist f&uuml;r Eva Jaeckle ein geeignetes Mittel, manche tiefergehenden Eindr&uuml;cke und ernste Gedanken zu bearbeiten.</p>

<p>Von ihr in Holz geschnitten wurden Gedanken zu Musikst&uuml;cken, Menschen, Landschaften, Expressionistisches, Pferde und ein ganzer Bilderzyklus: die biblische Geschichte von Jakob und Esau aus dem Alten Testament.</p>

<p>Die Holzschnitte zur Jakobsgeschichte k&ouml;nnen als Wanderausstellung bestellt werden.<br />
Konditionen finden Sie <a href="http://localhost/workspace1/jakobsanhang.php">hier</a>.</p>

<p>Ein Teil dieser Holzschnitte sind in folgendem Buch erschienen:</p>

<p>Die Jakobserz&auml;hlung<br />
Rivalen und Gesegnete<br />
mit Holzschnitten von Eva Jaeckle<br />
Katholisches Bibelwerk e. V. Stuttgart 2009<br />
ISBN 987-3-940743-81-7</p>

<p>Auch einzelne Holzschnitte k&ouml;nnen bei der K&uuml;nstlerin bestellt werden.</p>
"
6,cembali,"Bemalung von Nachbauten historischer Cembali
Deckelbemalung Resonanzbodenbemalung Für Details auf Bilder klicken"
7,kopien1,"<h3>1. Die Kopien sp&auml;tg&ouml;tischer Altarbilder in der Lorenzkirche St. Georgen</h3>

<p>zu diesen Werken ist auf Anfrage ein Vortrag verf&uuml;gbar</p>
"
8,kopien2,"<h3>Die Kopien sp&auml;tgotischer Altarbilder in der Lorenzkirche St. Georgen</h3>

<p><br />
Die Stadt St. Georgen im Schwarzwald entstand aus einer Klostergr&uuml;ndung im Jahre 1084. Das Kloster wurde durch Unruhen und Br&auml;nde im Lauf der Jahrhunderte zerst&ouml;rt. Unter den wenigen geretteten Kunstsch&auml;tzen befindet sich eine Tafel des Hochaltars aus der Lorenzkirche mit zwei Gem&auml;lden: &quot;Anbetung der Hirten&quot; und &quot;Erzengel Michael und Heiliger Sebastian&quot;. Sie wurden 1913 an die Staatliche Kunsthalle Karlsruhe verkauft.</p>

<p>Im Rahmen des 2001 begonnenen St. Georgener Kulturprojektes &quot;Klosterspuren&quot; w&uuml;nschte man die beiden Bilder wieder in der Lorenzkirche zu haben und vergab den Auftrag, sie originalgetreu zu kopieren, an Eva Jaeckle.</p>

<p>Die Originale stammen aus dem Jahr 1523 (evtl. 1532), einer Zeit des &Uuml;bergangs von der Sp&auml;tgotik zur Renaissance, in welcher die s&uuml;ddeutschen St&auml;dte eine Bl&uuml;tezeit erfuhren. Der Urheber der Gem&auml;lde ist unbekannt, arbeitete im Gebiet zwischen Rottweil und Konstanz und verwendete vermutlich einen damals sehr verbreiteten Kupferstich von Martin Schongauer zur Vorlage des Bildes &quot;Anbetung der Hirten&quot;.</p>

<p>Die Kopien wurden in der originalen Gr&ouml;&szlig;e (172x110,5 cm) auf Tannenholz angefertigt wie die Vorlagen. Sie sind maltechnisch dem Karlsruher Original nachempfunden; die Farbt&ouml;ne sind mit modernen Farben nachgestellt. Die vergoldeten Stellen sind ebenfalls aus echtem Blattgold. Die Rahmen wurden von St. Georgener Firmen nach Originalrahmen gearbeitet.</p>

<p><a href="http://localhost/workspace1/rezensionen.php">Rezension vom 30.11.2004 im S&uuml;dkurier Verlorene Kunst kehrt zur&uuml;ck</a></p>
"
9,haftungsausschluss,"<p>Haftung f&uuml;r Links</p>

<p>Diese Seite enth&auml;lt Links zu externen Webseiten Dritter, auf deren Inhalte wir keinen Einfluss haben. Deshalb k&ouml;nnen wir f&uuml;r diese fremden Inhalte auch keine Gew&auml;hr &uuml;bernehmen. F&uuml;r die Inhalte der verlinkten Seiten ist stets der jeweilige Anbieter oder Betreiber der Seiten verantwortlich.</p>

<p>Urheberrecht</p>

<p>Die Inhalte und Werke auf dieser Seite unterliegen dem Urheberrecht. Die Vervielf&auml;ltigung, Bearbeitung, Verbreitung und jede Art der Verwertung au&szlig;erhalb der Grenzen des Urheberrechtes bed&uuml;rfen der schriftlichen Zustimmung des Seiteninhabers. Downloads und Kopien dieser Seite sind nicht gestattet.</p>
"
10,ausstellungen,"<h1>Aktuelle Ausstellungen</h1>

<h3>&bdquo;Das Pferd - ein Traum mit vielen Facetten&quot;</h3>

<p><em>verl&auml;ngert bis 12. September</em></p>

<p>Im Schweizerischen Pferdemuseum La Sarraz 27. Juli - 29. August 2021 In Begegnungen mit Pferden gibt es Momente, die uns in eine Traumwelt entf&uuml;hren. Davon erz&auml;hlen die Bilder dieser Ausstellung in verschiedenen Stilen, von naturalistisch bis expressionistisch.</p>

<p>Mus&eacute;e du Cheval<br />
Le Ch&acirc;teau 1<br />
1315 La Sarraz<br />
+41 (0) 79 205 32 91</p>

<p><a href="http://www.muche.ch" target="_blank">http://www.muche.ch</a></p>

<p>&nbsp;</p>

<p>&nbsp;</p>

<p>&nbsp;</p>

<h3>&quot;Rosenbilder bei Starsoap&quot;</h3>

<p>Die Berner Manufaktur Starsoap hat neu einen eigenen Heilpflanzengarten.<br />
Dieser wird im Sommer der &Ouml;ffentlichkeit zug&auml;nglich gemacht werden.<br />
Als Verbindung zur Kultur werden dabei einige Rosenbilder von mir ausgestellt.<br />
Die Gem&auml;lde vereinen die Sch&ouml;nheit der Natur mit der k&uuml;nstlerischen Komposition.<br />
Details und &Ouml;ffnungszeiten auf<br />
<a href="https://www.starsoap.com/news" target="_blank">http://www.starsoap.com/</a><br />
Adresse: 3018 Bern, Zypressenstr. 4.</p>

<p>&nbsp;</p>

<p>&nbsp;</p>

<h3>Dauerausstellung</h3>

<h3>St. Georgs-Geschichten</h3>

<p>St. Georg, der Ritter im Kampf gegen das B&ouml;se - eine bildnerisch-psychologische Auseinandersetzung.</p>

<p>in der Jugendmusikschule St. Georgen Bahnhofstr. 27 D - 78112 St. Georgen</p>

<p>&nbsp;</p>

<p>&nbsp;</p>

<h3>&quot;Die Hengste der spanischen Hofreitschule&quot;</h3>

<p>Diese Bilder wurden f&uuml;r eine Ausstellung im Lipizzanermuseum Wien geschaffen. Einer Einladung aus Wien folgend zeichnete die K&uuml;nstlerin die Hengste direkt im Stall.<br />
Beeindruckt durch die Vielfalt der scheinbar so &auml;hnlichen Schimmel schuf sie diese umfangreiche Sammlung von ausdrucksvollen Lipizzanerk&ouml;pfen.</p>

<p>Einzelne Bilder sind verk&auml;uflich.</p>

<p>Diese Ausstellung war schon zu sehen im Lipizzanermuseum Wien im Schloss Klessheim bei Salzburg in der Egon von Neindorff-Stiftung Karlsruhe im &Ouml;sterreichischen Bundesgest&uuml;t Piber im Hippologischen Museum Slati&ntilde;any im Schweizerischen Pferdemuseum La Sarraz an der Vetsuisse Fakult&auml;t Z&uuml;rich sowie an anderen Orten</p>

<p>&nbsp;</p>

<p>&nbsp;</p>

<p>Wanderausstellung:</p>

<p>17 Holzschnitte zur Jakobsgeschichte<br />
Geeignet f&uuml;r Kirchgemeinden, Schulen, Seminare, Tagungszentren, etc. Die gesamte Ausstellung kann f&uuml;r einen Tag, ein Wochenende oder l&auml;nger ausgeliehen werden.</p>

<p><a href="http://localhost/workspace1/jakobsanhang.php">Mehr Informationen.</a></p>
"
11,zitat,"<p>Vor 100 Jahren geschrieben und h&ouml;chst aktuell:</p>

<p>Aus: Albert Schweitzer, Ehrfurcht vor den Tieren, Verlag C. H. Beck</p>

<p>&quot;Es ging mir auf, dass die Ethik, die nur mit unserem Verh&auml;ltnis zu den anderen Menschen zu tun hat, unvollst&auml;ndig ist und darum nicht die v&ouml;llige Energie besitzen kann. Solches vermag nur die Ethik der Ehrfurcht vor dem Leben. Durch sie kommen wir dazu, nicht nur mit Menschen, sondern mit aller in unserem Bereich befindlichen Kreatur in Beziehung zu stehen und mit ihrem Schicksal besch&auml;ftigt zu sein, um zu vermeiden, sie zu sch&auml;digen, und entschlossen zu sein, ihnen in ihrer Not beizustehen, soweit wir das verm&ouml;gen. Die fundamentale Tatsache des Bewusstseins des Menschen lautet: &quot;Ich bin Leben, das leben will, inmitten von Leben, das leben will.&quot; Der denkend gewordene Mensch erlebt die N&ouml;tigung, allem Willen zum Leben die gleiche Ehrfurcht vor dem Leben entgegen zu bringen wie dem seinen. Er erlebt das andere Leben in dem seinen.</p>

<p>Geschrieben im September 1915</p>
"
12,verkäufe,"<h1>Ausstellungen bisher</h1>

<p>Schweiz:<br />
Nationalgest&uuml;t Avenches, Schweizerisches Pferdemuseum La Sarraz, Schweizerisches Agrarmuseum Burgrain, Stiftung f&uuml;r das Pferd Les Bois, Nationales Pferdezentrum Bern, Aarau, Avenches, Bern, Genf, Solothurn, Z&uuml;rich und andere Orte.&nbsp;<br />
Verschiedene Galerien.</p>

<p>Deutschland:<br />
Marbach: Gest&uuml;tsmuseum des Haupt- und Landgest&uuml;ts, Karlsruhe: Egon-von-Neindorff-Stiftung, Mannheim: Gruppenausstellung im Rei&szlig;-Museum und Europameisterschaft der Springreiter 1997, Landgest&uuml;t Dillenburg,, Aachen, Baden-Baden, Bad Segeberg, Freiburg i. Br., Donaueschingen, Hamburg, St. Georgen, Villingen-Schwenningen und andere Orte.<br />
Verschiedene Galerien.</p>

<p>Frankreich:<br />
Saumur: Salon d&lsquo;Automne 1996 und Stipendium 1998</p>

<p>&Ouml;sterreich:<br />
Wien: Lipizzanermuseum des Kunsthistorischen Museums, &Ouml;sterreichisches Nationalgest&uuml;t Piber, Salzburg: Schloss Klessheim, Gest&uuml;t Marienhof in Spillern</p>

<p>Tschechien:<br />
Nationales Pferdemuseum Slati&ntilde;any</p>

<h1>&Ouml;ffentliche Ank&auml;ufe und Auftr&auml;ge</h1>

<p>1995 Nationales Pferdezentrum Bern: Ankauf des Werkes &quot;Zeiten des Milit&auml;rpferdes&quot;<br />
2000 Museum des Haupt- und Landgest&uuml;ts Marbach-Offenhausen: Ankauf des Portraits &quot;Julmond&quot;, historischer Trakehner Deckhengst in der w&uuml;rttembergischen Pferdezucht.<br />
2001 Auftrag der Stadt St. Georgen/Schw., die beiden sp&auml;tmittelalterlichen Altartafeln, ehemals aus der Lorenzkirche St. Georgen, jetzt in der Staatlichen Kunsthalle Karlsruhe, originalgetreu zu kopieren. Die fertigen Kopien befinden sich in der Lorenzkiche St. Georgen.&nbsp;<br />
2005 Gesellschaft der Freunde der Spanischen Hofreitschule: Ankauf von Lipizzanerzeichnungen.<br />
2006 Egon-von-Neindorff-Stiftung Karlsruhe: Ankauf Bild &quot;Wie Perlen auf der Schnur&quot;. Schweizerischer Pferdezuchtverband: Ankauf diverser Bilder.<br />
2010 St. P&ouml;lten/&Ouml;sterreich: ein Bild &uuml;ber Fr&egrave;re Roger verbleibt in der Sammlung &quot;Unsere Heiligen&quot;.<br />
2011 Eine Zeichnung des Lipizzanerhengstes S. Mantua, in der Spanischen Hofreitschule auch der Jahrhunderthengst genannt, verbleibt im Schweizerischen Pferdemusuem La Sarraz.<br />
2013 Logo f&uuml;r das Schweizerische Maultiermuseum<br />
2014 Ankauf eines Bildes durch die Gemeindeverwaltung Kirchberg.<br />
2019 Ankauf eines Bildes durch das Schweizerische Nationalgest&uuml;t Avenches.</p>
"
13,biographie,"<p>Eva Jaeckle</p>

<p>wuchs in einer musikalischen und naturverbundenen Familie im Schwarzwald auf.<br />
Sie erhielt Klavier- und Violoncellounterricht und erwarb 1976 das Deutsche Reitabzeichen in Bronze. Das Zeichnen, insbesondere von Pferden, ist ihre Leidenschaft seit der Kindheit.<br />
Ab 1982 Grundstudium an der Schule f&uuml;r Gestaltung in Basel. Studien der Kunst- und Musikwissenschaft, Psychologie und Kunsttherapie in Freiburg/Breisgau. W&auml;hrenddessen und anschliessend entstanden Arbeiten in abstrakter Malerei, Landschaften, Portraits, Holzschnitte und grafische Arbeiten.<br />
Ab 1987 Lehrauftrag in Freiburg. &Uuml;bersiedlung nach Hamburg, dort rege T&auml;tigkeit als Pferdemalerin und reiterliche Weiterbildung in Dressur.<br />
1991 &Uuml;bersiedlung in die Schweiz, die Pferde nehmen den Hauptteil ihres Schaffens ein. Studien- und Auftragsreisen nach Deutschland, Frankreich, Spanien und S&uuml;damerika.<br />
1998 Studienaufenthalt beim Cadre Noir in Saumur (F).<br />
2001 erscheint das Buch &bdquo;Das Auge der Zeit&ldquo;.<br />
2002 Anfertigung von Kopien zweier mittelalterlicher Gem&auml;lde f&uuml;r die Lorenzkirche in St. Georgen / Schwarzwald.<br />
2004 Einladung an die Spanische Hofreitschule Wien, um die dortigen Lipizzanerhengste zu zeichnen.<br />
2009 Buch &quot;Die Jakobserz&auml;hlung - Rivalen und Gesegnete&quot; mit Holzschnitten von Eva Jaeckle.<br />
2015 Wiederaufnahme der privaten Lehrt&auml;tigkeit.<br />
2016/17 Vortr&auml;ge &uuml;ber Lucas Cranach und die Reformation.</p>
"
14,kontakt,"<p>Eva Jaeckle<br />
Z&uuml;richstr. 2<br />
3422 Kirchberg<br />
Schweiz</p>

<p>Telefon: +41 31 952 71 02<br />
Mobil: +41 76 572 58 94</p>

<p><a href="mailto:eva.jaeckle@mac.com?subject=Kontakt%20durch%20die%20Website">E-Mail</a></p>

<p><a href="http://localhost/workspace1/links.php">Links</a></p>
"
15,maltechnicken,"<p>&Ouml;l auf Leinwand</p>

<p>Die aufw&auml;ndigste Technik, die das sch&ouml;nste Farbenspiel erm&ouml;glicht. &Ouml;lbilder sind haltbarer als Bilder auf Papier. Das Tr&auml;germaterial f&uuml;r Pferdeportraits in &Ouml;l ist in der Regel Leinwand oder Baumwolle. Eva Jaeckle arbeitet in der altmeisterlichen Schichttechnik, bei der viele Farbschichten &uuml;bereinander gemalt werden. Dadurch wird an einem solchen Bild sechs bis acht Wochen gearbeitet.</p>

<p>links auf das Bild klicken um mehr detailbilder zu sehen</p>

<p>&nbsp;</p>

<p><br />
&nbsp;</p>

<p>&nbsp;</p>

<p>&nbsp;</p>

<p>Pastell</p>

<p>Dies ist eine trockene farbige Technik auf K&uuml;nstlerpapier. Es werden Rembrandt- und Schmincke-Pastellkreiden verwendet sowie Ingres- oder ein &auml;hnliches K&uuml;nstlerpapier. Die Pastellmalerei ist sehr alt, stand jedoch oft im Schatten anderer farbiger Techniken.</p>

<p>links auf das Bild klicken um mehr detailbilder zu sehen</p>

<p>&nbsp;</p>

<p>&nbsp;</p>

<p>&nbsp;</p>

<p>&nbsp;</p>

<p>&nbsp;</p>

<p>&nbsp;</p>

<p>Kreide</p>

<p>Kann sowohl die reine Kohlezeichnung als auch R&ouml;telkreide oder schwarze Kreide mit Weissh&ouml;hungen sein. Auch hier wird Ingres- oder ein anderes K&uuml;nstlerpapier verwendet.</p>

<p>links auf das Bild klicken um mehr detailbilder zu sehen</p>
"
16,konditionenel,"<h1>Konditionen</h1>

<p>Arbeitsweise:</p>

<p>Eva Jaeckle arbeitet vorwiegend nach der Natur, das heisst sie f&auml;hrt zu den Pferden, um sie m&ouml;glichst gut kennen zu lernen. Dazu werden ca. f&uuml;nf Termine vereinbart, bei &Ouml;lbildern auch mehr, welche ungef&auml;hr eine Stunde dauern.</p>

<p>Das Pferd sollte an der Hand, im Stehen oder in Bewegung vorgef&uuml;hrt werden, je nach Bedarf. Dabei sollte eine Bezugsperson des Pferdes anwesend sein, da das den Ausdruck des Pferdes auf den Pferdebildern beeinflusst. Die K&uuml;nstlerin skizziert das Pferd und die Skizzen werden gemeinsam besprochen.</p>

<p>Qualit&auml;t und seri&ouml;se Arbeit brauchen Zeit, daher dauert die Arbeit zwischen drei und acht Wochen, je nach Technik. Die Pferde verdienen es, dass man sich Zeit f&uuml;r sie nimmt und die sorgf&auml;ltig gearbeiteten Pferdeportr&auml;ts bringen ihre Sch&ouml;nheit zum Ausdruck.</p>
"
17,konditionener,"<p>Gesch&auml;ftliches:</p>

<p>Die Gr&ouml;sse der Bilder betr&auml;gt normalerweise ca. 50x60 cm. Besondere W&uuml;nsche nach Absprache.</p>

<p>Die Preise (ab 2016 neu gestaltet) erfahren Sie auf Anfrage. Vor Beginn der Arbeit wird eine schriftliche Bestellung gemacht und es m&uuml;ssen 30% des Preises angezahlt werden (per Ein-zahlungsschein oder bar). Die weiteren 70% werden bei Erhalt des Bildes bezahlt.</p>

<p>Bei l&auml;ngerer Anfahrt zu Skizzierterminen d.h. &uuml;ber 100 km,werden je nach Aufwand zus&auml;tzlich Spesen f&auml;llig.</p>

<p>Die K&uuml;nstlerin &uuml;bernimmt keine Haftung f&uuml;r die Pferde w&auml;hrend der Skizzierarbeit.</p>

<p>Copyright und Urheberrechte an den Portraits verbleiben bei der K&uuml;nstlerin.</p>
"
18,lipizzaner,"<h1>Die Lipizzaner der Spanischen Hofreitschule</h1>

<p>Den Lipizzanern ins Gesicht geschaut Einer Einladung aus Wien folgend studierte Eva Jaeckle die Lipizzaner wochenlang in ihrer vertrauten Umgebung in Wien. Sie schuf so &uuml;ber hundert Charakterstudien der K&ouml;pfe der wei&szlig;en Hengste, die die Gesichter der Lipizzaner aus der N&auml;he zeigen. Die Bilder betonen die Vielfalt in der Einheit dieser ber&uuml;hmten Pferderasse: jedes Pferd ist ein Individuum, jeder Blick Ausdruck einer Pers&ouml;nlichkeit. Und doch kommen sie in der ber&uuml;hmten Schulquadrille wie Perlen an der Schnur daher.</p>

<p>Die Ausstellung wurde im Jahr 2005 f&uuml;r das Lipizzanermuseum Wien konzipiert. Sie umfasst sowohl direkt vor den Pferden in der Stallburg angefertigte Zeichnungen als auch danach umgesetzte kleine &Ouml;lbilder.</p>

<p>Die zahlreichen Kopfstudien sind mit kleinen Unterschieden in Format, Leinwand und Papier gestaltet, um die Vielfalt in der Einheit der dargestellten Charakterk&ouml;pfe zu unterstreichen. Als Kontrapunkt zu den K&ouml;pfen wurde auch ein Gem&auml;lde einer Vierergruppe aus der Schulquadrille beigef&uuml;gt. Diejenigen Lipizzanerk&ouml;pfe, die in &Ouml;l umgesetzt wurden, sind auf dunklem Holz gruppiert, so dass der Hintergrund ihnen gemeinsam ist, sie verbindet. Dies soll darauf hinweisen, dass auf einer tieferen Ebene alle Individuen verbunden sind. Alles kommt aus einem Ursprung.</p>

<p>Die Ausstellung war bisher im Lipizzanermuseum Wien, auf Schloss Klessheim bei Salzburg, im &Ouml;sterreichischen Nationalgest&uuml;t Piber, in der Egon-von-Neindorff-Stiftung Karlsruhe, auf dem Rosenhof bei Anja Beran, im Gest&uuml;t Marienhof bei Wien, im Tschechischen Pferdemuseum Slati&ntilde;any, im Rathaus St. Georgen/Schw. und im Schweizerischen Pferdemuseum La Sarraz zu sehen. Weitere Ausstellungen sind in Planung.</p>
"
19,buch,"<h1>Buch</h1>

<p>Eva Jaeckle<br />
Das Auge der Zeit<br />
Pferdebilder - vorgefunden und neu geformt</p>

<p>Olms Verlag Hildesheim 2001<br />
CHF 46,- / EUR 26,-<br />
Zu beziehen &uuml;ber den Buchhandel<br />
oder <a href="http://localhost/workspace1/kontakt.php">hier</a> direkt bei der Autorin</p>

<p>Historisches Empfinden des Partners Pferd wird<br />
hier dem heutigen in Bildern gegen&uuml;bergestellt<br />
und f&uuml;r jedes Motiv gleichsam eine Zeitreise gepr&auml;gt.</p>
"
20,jakobsanhang,"<p>Holzschnitte zur Jakobsgeschichte</p>

<p>Die K&uuml;nstlerin Eva Jaeckle hat zu der dramatischen Geschichte von Jakob und Esau<br />
eine Folge von Holzschnitten geschaffen, die zur Betrachtung und Vertiefung einladen.<br />
Sie eignen sich sehr gut f&uuml;r Ausstellungen in Kirchgemeinden, Schulen, Tagungszentren u. a.<br />
Die Geschichte von Jakob und Esau l&auml;sst sich anhand der Holzschnitte erz&auml;hlen und bedenken;<br />
sie kann in Lesungen, Predigten, Vortr&auml;gen oder in Gespr&auml;chs-gruppen aufgerollt<br />
nd bearbeitet werden.</p>

<p>Die 17 Holzschnitte der Ausstellung haben mit Rahmen das Format 30 x 40 cm und<br />
k&ouml;nnen sowohl in einer Reihe als auch verteilt aufgeh&auml;ngt werden.<br />
Bei jedem Bild wird ein Text platziert, der die Bibelstelle und einen kleinen Kommentar enth&auml;lt.<br />
Einzelne Holzschnitte sind verk&auml;uflich.</p>

<p>Konditionen:</p>

<p>Die Ausstellung kann f&uuml;r einen Tag, ein Wochenende oder mehrere Wochen bestellt werden.<br />
Die K&uuml;nstlerin &uuml;bernimmt den Transport der Bilder sowie das Auf- und Abh&auml;ngen.<br />
Falls gew&uuml;nscht, ist sie bei einer Veranstaltung anwesend.<br />
Aufwandsentsch&auml;digung und Fahrtkosten f&uuml;r die K&uuml;nstlerin werden bei der Planung besprochen.<br />
Die Bilder sind gerahmt.<br />
Die K&uuml;nstlerin &uuml;bernimmt keine Haftung in Zusammenhang mit der Ausstellung.</p>

<p>Einige Gedanken der K&uuml;nstlerin zu dieser Ausstellung:</p>

<p>Sich auf die Erz&auml;hlung dieser urmenschlichen Geschichte einzulassen, bedeutet ein Hinabsteigen<br />
in die Tiefen der eigenen Resonanzen, Resonanzen nicht nur aus der eigenen Lebensgeschichte,<br />
sondern aus der Menschheitsgeschichte. Jakob, der anfangs Passive, Beeinflussbare, wird durch<br />
den Verlust der Heimat, der auf List und Betrug folgt, offen f&uuml;rs Transzendente. Nach jahrelangem<br />
Dienen und mancherlei Auseinandersetzung kommt er erst durch den Kampf am Jabbok zum<br />
endg&uuml;ltigen Sieg &uuml;ber seine Passivit&auml;t und &uuml;berwindet seine Zweiteilung.</p>

<p>Die Holzschnitte greifen einerseits jeder einzeln ein Thema auf. Andererseits gibt es innere und<br />
formale Zusammenh&auml;nge und Wiederholungen. Formal z. B. der Kreis, die Zweiteilung,<br />
Ein Yin und Yang-artiges Ineinandergreifen; inhaltlich spielen verschiedene Segen eine gro&szlig;e Rolle,<br />
mehrmals kommt das Motiv des Aufbrechens und Gehens, auch des Fliehens vor, mehrmals die<br />
Zweiheit sowie die Nacht.</p>
"
21,rezensionen,"<p>Rezension vom 30. 11. 2004 im S&uuml;dkurier</p>

<p>Verlorene Kunst kehrt zur&uuml;ck</p>

<p>Reproduktionen von zwei Altarbildern werden in der Lorenzkirche pr&auml;sentiert</p>

<p>Die verlorene Kunst ist zur&uuml;ck: Die K&uuml;nstlerin Eva J&auml;ckle, eine ehemalige St. Georgenerin,<br />
pr&auml;sentierte im Rahmen des Projekts &quot;Klosterspuren&quot; ihre Reproduktionen von zwei gro&szlig;en<br />
Altarbildern, die 1885 beim gro&szlig;en Brand aus der Lorenzkirche gerettet werden konnten<br />
und heute in der staatlichen Kunsthalle in Karlsruhe h&auml;ngen.</p>

<p>Eva J&auml;ckle brachte mit den in nur einem Jahr angefertigten Kopien verlorene Kunst wieder in<br />
die St. Georgener Kirche. Im Jahre 1913 wurden die beiden Tafelbilder nach Karlsruhe verkauft,<br />
um mit dem Geld die Kirche zu erneuern. In ihrem Vortrag erkl&auml;rte die K&uuml;nstlerin, dass die beiden<br />
Gem&auml;lde im Sp&auml;tmittelalter entstanden seien. Damals hatten vor allem bildliche Darstellungen<br />
der christlichen Geschichte eine wichtige Funktion.</p>

<p>Der Maler der Originale ist nicht genau bekannt. Vermutet wird, dass der K&uuml;nstler aus der<br />
Bodenseeregion stammte.</p>

<p>Eine Schwierigkeit bei der Reproduktion sei die richtige Farbgebung gewesen, so die K&uuml;nstlerin.<br />
Da Fotos der Originale nicht ausreichten, musste die Malerin im Museum in Karlsruhe die richtigen<br />
Farbmischungen ausprobieren. Bis aufs kleinste Detail genau wurden die Kopien dann gefertigt.<br />
&quot;Es war schon eine Herausforderung f&uuml;r mich&quot;, bemerkte die K&uuml;nstlerin. Umrahmt wurde die<br />
Vorstellung der Gem&auml;lde von der Schweizer S&auml;ngerin Franziska Arni. Sie intonierte geistliche Musik&nbsp;<br />
von Hildegard von Bingen und begleitete sich selbst auf einem Monochord, einem Instrument, dessen<br />
Bauweise sich an der griechischen Antike anlehnt.</p>
"
22,links,"<p><a href="https://www.museeducheval.ch/" target="_blank">Mus&eacute;e du Cheval La Sarraz, Schweizerisches Pferdemuseum</a></p>

<p><a href="https://von-neindorff-stiftung.de/" target="_blank">Verein Klassische Reitkunst nach Egon von Neindorff</a></p>

<p><a href="https://www.intelligent-reiten.ch/" target="_blank">Denra D&uuml;rr - Intelligent reiten</a></p>

<p><a href="https://www.anjaberan.de/" target="_blank">Anja Beran - reiten mit Respekt</a></p>

<p><a href="https://www.pferdewohlergehen.ch/" target="_blank">Interessengemeinschaft zum Wohlergehen der Pferde</a></p>

<p><a href="http://brunoleuschner.com" target="_blank">Bruno Leuschner - Musik</a></p>
"
